./001.Black_footed_Albatross/Black_Footed_Albatross_0080_796096.jpg 0
./001.Black_footed_Albatross/Black_Footed_Albatross_0057_796106.jpg 0
./001.Black_footed_Albatross/Black_Footed_Albatross_0071_796113.jpg 0
./002.Laysan_Albatross/Laysan_Albatross_0073_927.jpg 1
./003.Sooty_Albatross/Sooty_Albatross_0038_1065.jpg 2
./003.Sooty_Albatross/Sooty_Albatross_0031_1066.jpg 2
./003.Sooty_Albatross/Sooty_Albatross_0034_1154.jpg 2
./003.Sooty_Albatross/Sooty_Albatross_0073_1171.jpg 2
./004.Groove_billed_Ani/Groove_Billed_Ani_0018_1613.jpg 3
./005.Crested_Auklet/Crested_Auklet_0061_794904.jpg 4
./005.Crested_Auklet/Crested_Auklet_0071_785255.jpg 4
./005.Crested_Auklet/Crested_Auklet_0030_794937.jpg 4
./006.Least_Auklet/Least_Auklet_0026_795066.jpg 5
./006.Least_Auklet/Least_Auklet_0020_795080.jpg 5
./006.Least_Auklet/Least_Auklet_0027_795091.jpg 5
./006.Least_Auklet/Least_Auklet_0060_795095.jpg 5
./006.Least_Auklet/Least_Auklet_0063_795134.jpg 5
./007.Parakeet_Auklet/Parakeet_Auklet_0012_795927.jpg 6
./007.Parakeet_Auklet/Parakeet_Auklet_0080_795965.jpg 6
./007.Parakeet_Auklet/Parakeet_Auklet_0025_795975.jpg 6
./007.Parakeet_Auklet/Parakeet_Auklet_0076_796001.jpg 6
./008.Rhinoceros_Auklet/Rhinoceros_Auklet_0031_797518.jpg 7
./008.Rhinoceros_Auklet/Rhinoceros_Auklet_0007_797521.jpg 7
./008.Rhinoceros_Auklet/Rhinoceros_Auklet_0024_797529.jpg 7
./008.Rhinoceros_Auklet/Rhinoceros_Auklet_0013_797537.jpg 7
./009.Brewer_Blackbird/Brewer_Blackbird_0115_2279.jpg 8
./010.Red_winged_Blackbird/Red_Winged_Blackbird_0028_4709.jpg 9
./010.Red_winged_Blackbird/Red_Winged_Blackbird_0085_5846.jpg 9
./012.Yellow_headed_Blackbird/Yellow_Headed_Blackbird_0031_8456.jpg 11
./012.Yellow_headed_Blackbird/Yellow_Headed_Blackbird_0086_8487.jpg 11
./012.Yellow_headed_Blackbird/Yellow_Headed_Blackbird_0008_8756.jpg 11
./012.Yellow_headed_Blackbird/Yellow_Headed_Blackbird_0062_8310.jpg 11
./012.Yellow_headed_Blackbird/Yellow_Headed_Blackbird_0084_8435.jpg 11
./013.Bobolink/Bobolink_0013_9367.jpg 12
./013.Bobolink/Bobolink_0065_9375.jpg 12
./013.Bobolink/Bobolink_0044_9990.jpg 12
./014.Indigo_Bunting/Indigo_Bunting_0002_12163.jpg 13
./014.Indigo_Bunting/Indigo_Bunting_0022_12781.jpg 13
./014.Indigo_Bunting/Indigo_Bunting_0041_13987.jpg 13
./014.Indigo_Bunting/Indigo_Bunting_0026_11964.jpg 13
./014.Indigo_Bunting/Indigo_Bunting_0085_11991.jpg 13
./015.Lazuli_Bunting/Lazuli_Bunting_0102_14605.jpg 14
./015.Lazuli_Bunting/Lazuli_Bunting_0027_14895.jpg 14
./017.Cardinal/Cardinal_0089_18005.jpg 16
./017.Cardinal/Cardinal_0052_18334.jpg 16
./017.Cardinal/Cardinal_0057_17128.jpg 16
./018.Spotted_Catbird/Spotted_Catbird_0016_796803.jpg 17
./018.Spotted_Catbird/Spotted_Catbird_0005_19411.jpg 17
./018.Spotted_Catbird/Spotted_Catbird_0023_796793.jpg 17
./018.Spotted_Catbird/Spotted_Catbird_0020_796794.jpg 17
./019.Gray_Catbird/Gray_Catbird_0001_20695.jpg 18
./019.Gray_Catbird/Gray_Catbird_0063_20707.jpg 18
./019.Gray_Catbird/Gray_Catbird_0050_20763.jpg 18
./019.Gray_Catbird/Gray_Catbird_0094_21303.jpg 18
./021.Eastern_Towhee/Eastern_Towhee_0074_22620.jpg 20
./021.Eastern_Towhee/Eastern_Towhee_0021_22152.jpg 20
./021.Eastern_Towhee/Eastern_Towhee_0035_22223.jpg 20
./022.Chuck_will_Widow/Chuck_Will_Widow_0046_796966.jpg 21
./022.Chuck_will_Widow/Chuck_Will_Widow_0057_796970.jpg 21
./022.Chuck_will_Widow/Chuck_Will_Widow_0006_796986.jpg 21
./022.Chuck_will_Widow/Chuck_Will_Widow_0056_796996.jpg 21
./023.Brandt_Cormorant/Brandt_Cormorant_0074_22881.jpg 22
./023.Brandt_Cormorant/Brandt_Cormorant_0032_22886.jpg 22
./023.Brandt_Cormorant/Brandt_Cormorant_0063_22865.jpg 22
./024.Red_faced_Cormorant/Red_Faced_Cormorant_0049_796279.jpg 23
./024.Red_faced_Cormorant/Red_Faced_Cormorant_0007_796280.jpg 23
./024.Red_faced_Cormorant/Red_Faced_Cormorant_0046_23446.jpg 23
./024.Red_faced_Cormorant/Red_Faced_Cormorant_0009_796314.jpg 23
./024.Red_faced_Cormorant/Red_Faced_Cormorant_0028_796322.jpg 23
./025.Pelagic_Cormorant/Pelagic_Cormorant_0083_23557.jpg 24
./025.Pelagic_Cormorant/Pelagic_Cormorant_0044_23536.jpg 24
./025.Pelagic_Cormorant/Pelagic_Cormorant_0053_23760.jpg 24
./025.Pelagic_Cormorant/Pelagic_Cormorant_0026_23792.jpg 24
./025.Pelagic_Cormorant/Pelagic_Cormorant_0022_23802.jpg 24
./026.Bronzed_Cowbird/Bronzed_Cowbird_0056_796222.jpg 25
./026.Bronzed_Cowbird/Bronzed_Cowbird_0011_24138.jpg 25
./026.Bronzed_Cowbird/Bronzed_Cowbird_0086_796259.jpg 25
./026.Bronzed_Cowbird/Bronzed_Cowbird_0053_24170.jpg 25
./026.Bronzed_Cowbird/Bronzed_Cowbird_0039_24026.jpg 25
./026.Bronzed_Cowbird/Bronzed_Cowbird_0014_24030.jpg 25
./026.Bronzed_Cowbird/Bronzed_Cowbird_0044_24145.jpg 25
./027.Shiny_Cowbird/Shiny_Cowbird_0019_24323.jpg 26
./027.Shiny_Cowbird/Shiny_Cowbird_0044_24239.jpg 26
./028.Brown_Creeper/Brown_Creeper_0106_24617.jpg 27
./028.Brown_Creeper/Brown_Creeper_0064_24840.jpg 27
./028.Brown_Creeper/Brown_Creeper_0048_24976.jpg 27
./029.American_Crow/American_Crow_0101_25118.jpg 28
./029.American_Crow/American_Crow_0113_25149.jpg 28
./029.American_Crow/American_Crow_0107_25353.jpg 28
./029.American_Crow/American_Crow_0124_25356.jpg 28
./030.Fish_Crow/Fish_Crow_0076_25971.jpg 29
./030.Fish_Crow/Fish_Crow_0070_25504.jpg 29
./030.Fish_Crow/Fish_Crow_0023_26037.jpg 29
./031.Black_billed_Cuckoo/Black_Billed_Cuckoo_0001_26242.jpg 30
./031.Black_billed_Cuckoo/Black_Billed_Cuckoo_0075_795298.jpg 30
./031.Black_billed_Cuckoo/Black_Billed_Cuckoo_0090_26311.jpg 30
./032.Mangrove_Cuckoo/Mangrove_Cuckoo_0051_794627.jpg 31
./032.Mangrove_Cuckoo/Mangrove_Cuckoo_0046_794616.jpg 31
./033.Yellow_billed_Cuckoo/Yellow_Billed_Cuckoo_0097_26713.jpg 32
./034.Gray_crowned_Rosy_Finch/Gray_Crowned_Rosy_Finch_0026_27160.jpg 33
./034.Gray_crowned_Rosy_Finch/Gray_Crowned_Rosy_Finch_0052_27032.jpg 33
./034.Gray_crowned_Rosy_Finch/Gray_Crowned_Rosy_Finch_0010_27039.jpg 33
./034.Gray_crowned_Rosy_Finch/Gray_Crowned_Rosy_Finch_0055_27112.jpg 33
./035.Purple_Finch/Purple_Finch_0050_27702.jpg 34
./035.Purple_Finch/Purple_Finch_0102_27308.jpg 34
./035.Purple_Finch/Purple_Finch_0014_27322.jpg 34
./035.Purple_Finch/Purple_Finch_0094_27323.jpg 34
./036.Northern_Flicker/Northern_Flicker_0036_28681.jpg 35
./036.Northern_Flicker/Northern_Flicker_0105_28836.jpg 35
./036.Northern_Flicker/Northern_Flicker_0054_28913.jpg 35
./036.Northern_Flicker/Northern_Flicker_0008_28591.jpg 35
./038.Great_Crested_Flycatcher/Great_Crested_Flycatcher_0023_29481.jpg 37
./039.Least_Flycatcher/Least_Flycatcher_0096_30233.jpg 38
./039.Least_Flycatcher/Least_Flycatcher_0064_30328.jpg 38
./039.Least_Flycatcher/Least_Flycatcher_0049_30361.jpg 38
./039.Least_Flycatcher/Least_Flycatcher_0076_30117.jpg 38
./039.Least_Flycatcher/Least_Flycatcher_0093_30435.jpg 38
./040.Olive_sided_Flycatcher/Olive_Sided_Flycatcher_0064_30485.jpg 39
./040.Olive_sided_Flycatcher/Olive_Sided_Flycatcher_0022_30551.jpg 39
./040.Olive_sided_Flycatcher/Olive_Sided_Flycatcher_0052_30639.jpg 39
./040.Olive_sided_Flycatcher/Olive_Sided_Flycatcher_0001_30669.jpg 39
./040.Olive_sided_Flycatcher/Olive_Sided_Flycatcher_0034_30672.jpg 39
./040.Olive_sided_Flycatcher/Olive_Sided_Flycatcher_0020_796881.jpg 39
./040.Olive_sided_Flycatcher/Olive_Sided_Flycatcher_0017_30704.jpg 39
./041.Scissor_tailed_Flycatcher/Scissor_Tailed_Flycatcher_0005_41727.jpg 40
./042.Vermilion_Flycatcher/Vermilion_Flycatcher_0002_42390.jpg 41
./042.Vermilion_Flycatcher/Vermilion_Flycatcher_0040_42398.jpg 41
./043.Yellow_bellied_Flycatcher/Yellow_Bellied_Flycatcher_0068_42701.jpg 42
./044.Frigatebird/Frigatebird_0047_43039.jpg 43
./044.Frigatebird/Frigatebird_0022_43457.jpg 43
./045.Northern_Fulmar/Northern_Fulmar_0081_43912.jpg 44
./045.Northern_Fulmar/Northern_Fulmar_0048_43672.jpg 44
./045.Northern_Fulmar/Northern_Fulmar_0039_43689.jpg 44
./046.Gadwall/Gadwall_0086_31346.jpg 45
./046.Gadwall/Gadwall_0029_31637.jpg 45
./046.Gadwall/Gadwall_0084_31135.jpg 45
./046.Gadwall/Gadwall_0031_30935.jpg 45
./047.American_Goldfinch/American_Goldfinch_0001_32306.jpg 46
./047.American_Goldfinch/American_Goldfinch_0046_32105.jpg 46
./047.American_Goldfinch/American_Goldfinch_0003_32236.jpg 46
./048.European_Goldfinch/European_Goldfinch_0103_794664.jpg 47
./049.Boat_tailed_Grackle/Boat_Tailed_Grackle_0070_33612.jpg 48
./049.Boat_tailed_Grackle/Boat_Tailed_Grackle_0030_33615.jpg 48
./049.Boat_tailed_Grackle/Boat_Tailed_Grackle_0028_33777.jpg 48
./049.Boat_tailed_Grackle/Boat_Tailed_Grackle_0068_33387.jpg 48
./049.Boat_tailed_Grackle/Boat_Tailed_Grackle_0040_33417.jpg 48
./049.Boat_tailed_Grackle/Boat_Tailed_Grackle_0082_33488.jpg 48
./049.Boat_tailed_Grackle/Boat_Tailed_Grackle_0113_33490.jpg 48
./049.Boat_tailed_Grackle/Boat_Tailed_Grackle_0016_33770.jpg 48
./049.Boat_tailed_Grackle/Boat_Tailed_Grackle_0033_33524.jpg 48
./050.Eared_Grebe/Eared_Grebe_0020_34131.jpg 49
./050.Eared_Grebe/Eared_Grebe_0013_34150.jpg 49
./050.Eared_Grebe/Eared_Grebe_0045_34212.jpg 49
./051.Horned_Grebe/Horned_Grebe_0039_34848.jpg 50
./052.Pied_billed_Grebe/Pied_Billed_Grebe_0072_35939.jpg 51
./052.Pied_billed_Grebe/Pied_Billed_Grebe_0113_35703.jpg 51
./052.Pied_billed_Grebe/Pied_Billed_Grebe_0114_35493.jpg 51
./052.Pied_billed_Grebe/Pied_Billed_Grebe_0052_35937.jpg 51
./053.Western_Grebe/Western_Grebe_0022_36148.jpg 52
./053.Western_Grebe/Western_Grebe_0088_36428.jpg 52
./053.Western_Grebe/Western_Grebe_0093_36193.jpg 52
./053.Western_Grebe/Western_Grebe_0069_36486.jpg 52
./054.Blue_Grosbeak/Blue_Grosbeak_0066_36632.jpg 53
./054.Blue_Grosbeak/Blue_Grosbeak_0043_37200.jpg 53
./054.Blue_Grosbeak/Blue_Grosbeak_0038_37095.jpg 53
./055.Evening_Grosbeak/Evening_Grosbeak_0133_37976.jpg 54
./055.Evening_Grosbeak/Evening_Grosbeak_0101_37697.jpg 54
./055.Evening_Grosbeak/Evening_Grosbeak_0130_37813.jpg 54
./056.Pine_Grosbeak/Pine_Grosbeak_0059_38581.jpg 55
./057.Rose_breasted_Grosbeak/Rose_Breasted_Grosbeak_0097_39514.jpg 56
./057.Rose_breasted_Grosbeak/Rose_Breasted_Grosbeak_0012_39149.jpg 56
./057.Rose_breasted_Grosbeak/Rose_Breasted_Grosbeak_0019_39274.jpg 56
./057.Rose_breasted_Grosbeak/Rose_Breasted_Grosbeak_0092_39367.jpg 56
./058.Pigeon_Guillemot/Pigeon_Guillemot_0105_40078.jpg 57
./058.Pigeon_Guillemot/Pigeon_Guillemot_0081_40339.jpg 57
./058.Pigeon_Guillemot/Pigeon_Guillemot_0077_39885.jpg 57
./059.California_Gull/California_Gull_0103_41044.jpg 58
./059.California_Gull/California_Gull_0052_41047.jpg 58
./060.Glaucous_winged_Gull/Glaucous_Winged_Gull_0129_44742.jpg 59
./060.Glaucous_winged_Gull/Glaucous_Winged_Gull_0132_44435.jpg 59
./060.Glaucous_winged_Gull/Glaucous_Winged_Gull_0051_44543.jpg 59
./061.Heermann_Gull/Heermann_Gull_0112_45748.jpg 60
./061.Heermann_Gull/Heermann_Gull_0032_45774.jpg 60
./061.Heermann_Gull/Heermann_Gull_0053_45854.jpg 60
./061.Heermann_Gull/Heermann_Gull_0141_45391.jpg 60
./061.Heermann_Gull/Heermann_Gull_0079_45468.jpg 60
./061.Heermann_Gull/Heermann_Gull_0131_45548.jpg 60
./062.Herring_Gull/Herring_Gull_0105_46113.jpg 61
./062.Herring_Gull/Herring_Gull_0054_46164.jpg 61
./062.Herring_Gull/Herring_Gull_0034_48824.jpg 61
./062.Herring_Gull/Herring_Gull_0010_46425.jpg 61
./062.Herring_Gull/Herring_Gull_0139_47006.jpg 61
./063.Ivory_Gull/Ivory_Gull_0039_49412.jpg 62
./063.Ivory_Gull/Ivory_Gull_0005_49021.jpg 62
./063.Ivory_Gull/Ivory_Gull_0027_48974.jpg 62
./064.Ring_billed_Gull/Ring_Billed_Gull_0125_51307.jpg 63
./064.Ring_billed_Gull/Ring_Billed_Gull_0117_51363.jpg 63
./064.Ring_billed_Gull/Ring_Billed_Gull_0131_51370.jpg 63
./064.Ring_billed_Gull/Ring_Billed_Gull_0001_51416.jpg 63
./065.Slaty_backed_Gull/Slaty_Backed_Gull_0072_53314.jpg 64
./065.Slaty_backed_Gull/Slaty_Backed_Gull_0038_796044.jpg 64
./065.Slaty_backed_Gull/Slaty_Backed_Gull_0068_53206.jpg 64
./066.Western_Gull/Western_Gull_0051_54320.jpg 65
./066.Western_Gull/Western_Gull_0058_53882.jpg 65
./066.Western_Gull/Western_Gull_0093_54925.jpg 65
./066.Western_Gull/Western_Gull_0117_44697.jpg 65
./066.Western_Gull/Western_Gull_0094_55156.jpg 65
./068.Ruby_throated_Hummingbird/Ruby_Throated_Hummingbird_0088_57366.jpg 67
./068.Ruby_throated_Hummingbird/Ruby_Throated_Hummingbird_0001_58162.jpg 67
./069.Rufous_Hummingbird/Rufous_Hummingbird_0111_59408.jpg 68
./069.Rufous_Hummingbird/Rufous_Hummingbird_0091_60551.jpg 68
./070.Green_Violetear/Green_Violetear_0005_795666.jpg 69
./070.Green_Violetear/Green_Violetear_0025_795692.jpg 69
./070.Green_Violetear/Green_Violetear_0089_795698.jpg 69
./070.Green_Violetear/Green_Violetear_0108_795711.jpg 69
./071.Long_tailed_Jaeger/Long_Tailed_Jaeger_0038_797077.jpg 70
./072.Pomarine_Jaeger/Pomarine_Jaeger_0048_795771.jpg 71
./072.Pomarine_Jaeger/Pomarine_Jaeger_0031_61420.jpg 71
./073.Blue_Jay/Blue_Jay_0051_63339.jpg 72
./073.Blue_Jay/Blue_Jay_0080_61617.jpg 72
./074.Florida_Jay/Florida_Jay_0037_64515.jpg 73
./074.Florida_Jay/Florida_Jay_0054_65046.jpg 73
./074.Florida_Jay/Florida_Jay_0075_65093.jpg 73
./074.Florida_Jay/Florida_Jay_0081_64859.jpg 73
./074.Florida_Jay/Florida_Jay_0025_64673.jpg 73
./074.Florida_Jay/Florida_Jay_0021_64698.jpg 73
./075.Green_Jay/Green_Jay_0121_65564.jpg 74
./075.Green_Jay/Green_Jay_0006_65788.jpg 74
./076.Dark_eyed_Junco/Dark_Eyed_Junco_0043_68689.jpg 75
./076.Dark_eyed_Junco/Dark_Eyed_Junco_0094_68735.jpg 75
./076.Dark_eyed_Junco/Dark_Eyed_Junco_0113_68470.jpg 75
./076.Dark_eyed_Junco/Dark_Eyed_Junco_0132_66476.jpg 75
./077.Tropical_Kingbird/Tropical_Kingbird_0087_69592.jpg 76
./077.Tropical_Kingbird/Tropical_Kingbird_0018_69619.jpg 76
./077.Tropical_Kingbird/Tropical_Kingbird_0011_69877.jpg 76
./078.Gray_Kingbird/Gray_Kingbird_0016_70288.jpg 77
./079.Belted_Kingfisher/Belted_Kingfisher_0080_70725.jpg 78
./079.Belted_Kingfisher/Belted_Kingfisher_0031_70506.jpg 78
./079.Belted_Kingfisher/Belted_Kingfisher_0084_70399.jpg 78
./080.Green_Kingfisher/Green_Kingfisher_0010_71191.jpg 79
./080.Green_Kingfisher/Green_Kingfisher_0031_71229.jpg 79
./080.Green_Kingfisher/Green_Kingfisher_0058_70998.jpg 79
./080.Green_Kingfisher/Green_Kingfisher_0032_71050.jpg 79
./080.Green_Kingfisher/Green_Kingfisher_0004_71076.jpg 79
./080.Green_Kingfisher/Green_Kingfisher_0065_71132.jpg 79
./080.Green_Kingfisher/Green_Kingfisher_0048_71164.jpg 79
./081.Pied_Kingfisher/Pied_Kingfisher_0074_71830.jpg 80
./082.Ringed_Kingfisher/Ringed_Kingfisher_0004_72966.jpg 81
./082.Ringed_Kingfisher/Ringed_Kingfisher_0044_72976.jpg 81
./082.Ringed_Kingfisher/Ringed_Kingfisher_0015_72835.jpg 81
./082.Ringed_Kingfisher/Ringed_Kingfisher_0108_73169.jpg 81
./083.White_breasted_Kingfisher/White_Breasted_Kingfisher_0121_73258.jpg 82
./083.White_breasted_Kingfisher/White_Breasted_Kingfisher_0087_73264.jpg 82
./083.White_breasted_Kingfisher/White_Breasted_Kingfisher_0093_73311.jpg 82
./083.White_breasted_Kingfisher/White_Breasted_Kingfisher_0054_73587.jpg 82
./083.White_breasted_Kingfisher/White_Breasted_Kingfisher_0036_73403.jpg 82
./083.White_breasted_Kingfisher/White_Breasted_Kingfisher_0022_73459.jpg 82
./084.Red_legged_Kittiwake/Red_Legged_Kittiwake_0045_795426.jpg 83
./084.Red_legged_Kittiwake/Red_Legged_Kittiwake_0068_795430.jpg 83
./084.Red_legged_Kittiwake/Red_Legged_Kittiwake_0024_795441.jpg 83
./084.Red_legged_Kittiwake/Red_Legged_Kittiwake_0021_73808.jpg 83
./085.Horned_Lark/Horned_Lark_0096_74075.jpg 84
./085.Horned_Lark/Horned_Lark_0069_74093.jpg 84
./086.Pacific_Loon/Pacific_Loon_0057_75854.jpg 85
./086.Pacific_Loon/Pacific_Loon_0025_75436.jpg 85
./086.Pacific_Loon/Pacific_Loon_0046_75439.jpg 85
./086.Pacific_Loon/Pacific_Loon_0029_75495.jpg 85
./087.Mallard/Mallard_0069_76926.jpg 86
./087.Mallard/Mallard_0098_77490.jpg 86
./088.Western_Meadowlark/Western_Meadowlark_0001_78676.jpg 87
./089.Hooded_Merganser/Hooded_Merganser_0036_796771.jpg 88
./089.Hooded_Merganser/Hooded_Merganser_0070_79054.jpg 88
./090.Red_breasted_Merganser/Red_Breasted_Merganser_0040_79207.jpg 89
./091.Mockingbird/Mockingbird_0085_81417.jpg 90
./092.Nighthawk/Nighthawk_0043_84039.jpg 91
./092.Nighthawk/Nighthawk_0045_82807.jpg 91
./092.Nighthawk/Nighthawk_0076_82686.jpg 91
./093.Clark_Nutcracker/Clark_Nutcracker_0105_85097.jpg 92
./093.Clark_Nutcracker/Clark_Nutcracker_0098_85105.jpg 92
./093.Clark_Nutcracker/Clark_Nutcracker_0011_85698.jpg 92
./093.Clark_Nutcracker/Clark_Nutcracker_0060_84862.jpg 92
./093.Clark_Nutcracker/Clark_Nutcracker_0073_85343.jpg 92
./093.Clark_Nutcracker/Clark_Nutcracker_0066_85390.jpg 92
./093.Clark_Nutcracker/Clark_Nutcracker_0136_85490.jpg 92
./094.White_breasted_Nuthatch/White_Breasted_Nuthatch_0066_86159.jpg 93
./095.Baltimore_Oriole/Baltimore_Oriole_0021_87089.jpg 94
./095.Baltimore_Oriole/Baltimore_Oriole_0064_89554.jpg 94
./097.Orchard_Oriole/Orchard_Oriole_0051_91787.jpg 96
./097.Orchard_Oriole/Orchard_Oriole_0033_91532.jpg 96
./097.Orchard_Oriole/Orchard_Oriole_0075_91847.jpg 96
./098.Scott_Oriole/Scott_Oriole_0068_795804.jpg 97
./098.Scott_Oriole/Scott_Oriole_0083_795821.jpg 97
./098.Scott_Oriole/Scott_Oriole_0043_795828.jpg 97
./098.Scott_Oriole/Scott_Oriole_0040_795839.jpg 97
./098.Scott_Oriole/Scott_Oriole_0075_795817.jpg 97
./099.Ovenbird/Ovenbird_0059_92470.jpg 98
./099.Ovenbird/Ovenbird_0034_93006.jpg 98
./099.Ovenbird/Ovenbird_0027_93086.jpg 98
./099.Ovenbird/Ovenbird_0096_93131.jpg 98
./099.Ovenbird/Ovenbird_0135_93168.jpg 98
./100.Brown_Pelican/Brown_Pelican_0103_94787.jpg 99
./100.Brown_Pelican/Brown_Pelican_0031_93874.jpg 99
./100.Brown_Pelican/Brown_Pelican_0100_94434.jpg 99
./100.Brown_Pelican/Brown_Pelican_0140_93438.jpg 99
./100.Brown_Pelican/Brown_Pelican_0011_94683.jpg 99
./101.White_Pelican/White_Pelican_0067_95573.jpg 100
./101.White_Pelican/White_Pelican_0079_97380.jpg 100
./101.White_Pelican/White_Pelican_0084_95877.jpg 100
./101.White_Pelican/White_Pelican_0047_97190.jpg 100
./102.Western_Wood_Pewee/Western_Wood_Pewee_0020_795054.jpg 101
./102.Western_Wood_Pewee/Western_Wood_Pewee_0081_98270.jpg 101
./102.Western_Wood_Pewee/Western_Wood_Pewee_0030_98272.jpg 101
./103.Sayornis/Sayornis_0086_98829.jpg 102
./103.Sayornis/Sayornis_0002_98596.jpg 102
./104.American_Pipit/American_Pipit_0031_99607.jpg 103
./104.American_Pipit/American_Pipit_0037_99954.jpg 103
./104.American_Pipit/American_Pipit_0062_100000.jpg 103
./105.Whip_poor_Will/Whip_Poor_Will_0016_796424.jpg 104
./105.Whip_poor_Will/Whip_Poor_Will_0043_796442.jpg 104
./105.Whip_poor_Will/Whip_Poor_Will_0026_100456.jpg 104
./106.Horned_Puffin/Horned_Puffin_0016_100993.jpg 105
./106.Horned_Puffin/Horned_Puffin_0025_100942.jpg 105
./106.Horned_Puffin/Horned_Puffin_0007_100699.jpg 105
./106.Horned_Puffin/Horned_Puffin_0060_100726.jpg 105
./106.Horned_Puffin/Horned_Puffin_0056_101030.jpg 105
./107.Common_Raven/Common_Raven_0069_101825.jpg 106
./107.Common_Raven/Common_Raven_0099_102534.jpg 106
./107.Common_Raven/Common_Raven_0110_101775.jpg 106
./108.White_necked_Raven/White_Necked_Raven_0014_102687.jpg 107
./108.White_necked_Raven/White_Necked_Raven_0044_797348.jpg 107
./108.White_necked_Raven/White_Necked_Raven_0036_797359.jpg 107
./108.White_necked_Raven/White_Necked_Raven_0068_102610.jpg 107
./108.White_necked_Raven/White_Necked_Raven_0067_102630.jpg 107
./108.White_necked_Raven/White_Necked_Raven_0041_797394.jpg 107
./109.American_Redstart/American_Redstart_0054_103543.jpg 108
./109.American_Redstart/American_Redstart_0085_103155.jpg 108
./109.American_Redstart/American_Redstart_0013_103677.jpg 108
./109.American_Redstart/American_Redstart_0022_103701.jpg 108
./109.American_Redstart/American_Redstart_0066_102774.jpg 108
./110.Geococcyx/Geococcyx_0114_104136.jpg 109
./111.Loggerhead_Shrike/Loggerhead_Shrike_0032_106521.jpg 110
./111.Loggerhead_Shrike/Loggerhead_Shrike_0048_106215.jpg 110
./111.Loggerhead_Shrike/Loggerhead_Shrike_0055_105246.jpg 110
./111.Loggerhead_Shrike/Loggerhead_Shrike_0129_106389.jpg 110
./111.Loggerhead_Shrike/Loggerhead_Shrike_0051_105447.jpg 110
./112.Great_Grey_Shrike/Great_Grey_Shrike_0079_797018.jpg 111
./113.Baird_Sparrow/Baird_Sparrow_0026_794574.jpg 112
./114.Black_throated_Sparrow/Black_Throated_Sparrow_0069_107116.jpg 113
./114.Black_throated_Sparrow/Black_Throated_Sparrow_0035_107185.jpg 113
./114.Black_throated_Sparrow/Black_Throated_Sparrow_0088_107220.jpg 113
./114.Black_throated_Sparrow/Black_Throated_Sparrow_0066_106974.jpg 113
./114.Black_throated_Sparrow/Black_Throated_Sparrow_0001_107233.jpg 113
./114.Black_throated_Sparrow/Black_Throated_Sparrow_0102_107243.jpg 113
./114.Black_throated_Sparrow/Black_Throated_Sparrow_0072_107255.jpg 113
./115.Brewer_Sparrow/Brewer_Sparrow_0069_796709.jpg 114
./115.Brewer_Sparrow/Brewer_Sparrow_0041_796711.jpg 114
./115.Brewer_Sparrow/Brewer_Sparrow_0014_107435.jpg 114
./115.Brewer_Sparrow/Brewer_Sparrow_0023_107489.jpg 114
./115.Brewer_Sparrow/Brewer_Sparrow_0035_107509.jpg 114
./116.Chipping_Sparrow/Chipping_Sparrow_0033_109069.jpg 115
./116.Chipping_Sparrow/Chipping_Sparrow_0079_110449.jpg 115
./116.Chipping_Sparrow/Chipping_Sparrow_0036_107695.jpg 115
./117.Clay_colored_Sparrow/Clay_Colored_Sparrow_0002_110606.jpg 116
./117.Clay_colored_Sparrow/Clay_Colored_Sparrow_0023_797258.jpg 116
./117.Clay_colored_Sparrow/Clay_Colored_Sparrow_0098_110735.jpg 116
./118.House_Sparrow/House_Sparrow_0144_113216.jpg 117
./118.House_Sparrow/House_Sparrow_0080_111099.jpg 117
./118.House_Sparrow/House_Sparrow_0093_110990.jpg 117
./119.Field_Sparrow/Field_Sparrow_0025_113683.jpg 118
./119.Field_Sparrow/Field_Sparrow_0110_113995.jpg 118
./119.Field_Sparrow/Field_Sparrow_0130_113846.jpg 118
./119.Field_Sparrow/Field_Sparrow_0066_114109.jpg 118
./120.Fox_Sparrow/Fox_Sparrow_0063_114350.jpg 119
./120.Fox_Sparrow/Fox_Sparrow_0075_114920.jpg 119
./120.Fox_Sparrow/Fox_Sparrow_0077_114944.jpg 119
./121.Grasshopper_Sparrow/Grasshopper_Sparrow_0126_116029.jpg 120
./122.Harris_Sparrow/Harris_Sparrow_0028_116656.jpg 121
./122.Harris_Sparrow/Harris_Sparrow_0035_116529.jpg 121
./122.Harris_Sparrow/Harris_Sparrow_0006_116364.jpg 121
./122.Harris_Sparrow/Harris_Sparrow_0034_116439.jpg 121
./124.Le_Conte_Sparrow/Le_Conte_Sparrow_0060_795160.jpg 123
./124.Le_Conte_Sparrow/Le_Conte_Sparrow_0032_795186.jpg 123
./124.Le_Conte_Sparrow/Le_Conte_Sparrow_0084_795189.jpg 123
./124.Le_Conte_Sparrow/Le_Conte_Sparrow_0078_117052.jpg 123
./125.Lincoln_Sparrow/Lincoln_Sparrow_0110_117264.jpg 124
./125.Lincoln_Sparrow/Lincoln_Sparrow_0090_117857.jpg 124
./125.Lincoln_Sparrow/Lincoln_Sparrow_0050_117744.jpg 124
./126.Nelson_Sharp_tailed_Sparrow/Nelson_Sharp_Tailed_Sparrow_0066_118088.jpg 125
./127.Savannah_Sparrow/Savannah_Sparrow_0061_119783.jpg 126
./128.Seaside_Sparrow/Seaside_Sparrow_0035_796533.jpg 127
./128.Seaside_Sparrow/Seaside_Sparrow_0001_120720.jpg 127
./128.Seaside_Sparrow/Seaside_Sparrow_0028_120766.jpg 127
./128.Seaside_Sparrow/Seaside_Sparrow_0066_120791.jpg 127
./128.Seaside_Sparrow/Seaside_Sparrow_0011_120820.jpg 127
./129.Song_Sparrow/Song_Sparrow_0125_122435.jpg 128
./129.Song_Sparrow/Song_Sparrow_0086_121999.jpg 128
./129.Song_Sparrow/Song_Sparrow_0042_121314.jpg 128
./130.Tree_Sparrow/Tree_Sparrow_0130_124932.jpg 129
./130.Tree_Sparrow/Tree_Sparrow_0046_125344.jpg 129
./130.Tree_Sparrow/Tree_Sparrow_0081_124348.jpg 129
./131.Vesper_Sparrow/Vesper_Sparrow_0053_125641.jpg 130
./132.White_crowned_Sparrow/White_Crowned_Sparrow_0129_127860.jpg 131
./133.White_throated_Sparrow/White_Throated_Sparrow_0118_129084.jpg 132
./133.White_throated_Sparrow/White_Throated_Sparrow_0021_128804.jpg 132
./133.White_throated_Sparrow/White_Throated_Sparrow_0031_128808.jpg 132
./133.White_throated_Sparrow/White_Throated_Sparrow_0102_128911.jpg 132
./134.Cape_Glossy_Starling/Cape_Glossy_Starling_0043_129358.jpg 133
./134.Cape_Glossy_Starling/Cape_Glossy_Starling_0054_129440.jpg 133
./134.Cape_Glossy_Starling/Cape_Glossy_Starling_0030_129443.jpg 133
./135.Bank_Swallow/Bank_Swallow_0002_129654.jpg 134
./135.Bank_Swallow/Bank_Swallow_0007_129514.jpg 134
./136.Barn_Swallow/Barn_Swallow_0066_130214.jpg 135
./137.Cliff_Swallow/Cliff_Swallow_0047_133955.jpg 136
./137.Cliff_Swallow/Cliff_Swallow_0071_133742.jpg 136
./138.Tree_Swallow/Tree_Swallow_0060_134961.jpg 137
./138.Tree_Swallow/Tree_Swallow_0103_137272.jpg 137
./138.Tree_Swallow/Tree_Swallow_0058_134987.jpg 137
./138.Tree_Swallow/Tree_Swallow_0102_135061.jpg 137
./139.Scarlet_Tanager/Scarlet_Tanager_0110_138274.jpg 138
./139.Scarlet_Tanager/Scarlet_Tanager_0042_138287.jpg 138
./139.Scarlet_Tanager/Scarlet_Tanager_0053_138940.jpg 138
./139.Scarlet_Tanager/Scarlet_Tanager_0079_138669.jpg 138
./139.Scarlet_Tanager/Scarlet_Tanager_0128_138711.jpg 138
./140.Summer_Tanager/Summer_Tanager_0088_139473.jpg 139
./141.Artic_Tern/Artic_Tern_0085_142083.jpg 140
./141.Artic_Tern/Artic_Tern_0080_140889.jpg 140
./141.Artic_Tern/Artic_Tern_0021_143477.jpg 140
./142.Black_Tern/Black_Tern_0013_143892.jpg 141
./142.Black_Tern/Black_Tern_0061_143959.jpg 141
./143.Caspian_Tern/Caspian_Tern_0096_145009.jpg 142
./143.Caspian_Tern/Caspian_Tern_0078_146824.jpg 142
./144.Common_Tern/Common_Tern_0079_148844.jpg 143
./144.Common_Tern/Common_Tern_0077_149196.jpg 143
./144.Common_Tern/Common_Tern_0001_149721.jpg 143
./144.Common_Tern/Common_Tern_0085_147937.jpg 143
./145.Elegant_Tern/Elegant_Tern_0034_45914.jpg 144
./145.Elegant_Tern/Elegant_Tern_0066_150864.jpg 144
./145.Elegant_Tern/Elegant_Tern_0014_150523.jpg 144
./146.Forsters_Tern/Forsters_Tern_0027_151456.jpg 145
./146.Forsters_Tern/Forsters_Tern_0114_152768.jpg 145
./146.Forsters_Tern/Forsters_Tern_0123_151789.jpg 145
./147.Least_Tern/Least_Tern_0114_153840.jpg 146
./148.Green_tailed_Towhee/Green_Tailed_Towhee_0074_154915.jpg 147
./148.Green_tailed_Towhee/Green_Tailed_Towhee_0070_154844.jpg 147
./149.Brown_Thrasher/Brown_Thrasher_0034_155139.jpg 148
./149.Brown_Thrasher/Brown_Thrasher_0030_155152.jpg 148
./149.Brown_Thrasher/Brown_Thrasher_0093_155309.jpg 148
./150.Sage_Thrasher/Sage_Thrasher_0083_796450.jpg 149
./151.Black_capped_Vireo/Black_Capped_Vireo_0022_797459.jpg 150
./151.Black_capped_Vireo/Black_Capped_Vireo_0035_797471.jpg 150
./151.Black_capped_Vireo/Black_Capped_Vireo_0009_797493.jpg 150
./153.Philadelphia_Vireo/Philadelphia_Vireo_0030_156533.jpg 152
./153.Philadelphia_Vireo/Philadelphia_Vireo_0040_794764.jpg 152
./153.Philadelphia_Vireo/Philadelphia_Vireo_0052_794774.jpg 152
./154.Red_eyed_Vireo/Red_Eyed_Vireo_0029_156777.jpg 153
./154.Red_eyed_Vireo/Red_Eyed_Vireo_0073_156944.jpg 153
./154.Red_eyed_Vireo/Red_Eyed_Vireo_0030_156987.jpg 153
./154.Red_eyed_Vireo/Red_Eyed_Vireo_0006_157025.jpg 153
./154.Red_eyed_Vireo/Red_Eyed_Vireo_0109_157176.jpg 153
./155.Warbling_Vireo/Warbling_Vireo_0118_158285.jpg 154
./155.Warbling_Vireo/Warbling_Vireo_0104_158800.jpg 154
./155.Warbling_Vireo/Warbling_Vireo_0061_158494.jpg 154
./155.Warbling_Vireo/Warbling_Vireo_0076_158500.jpg 154
./156.White_eyed_Vireo/White_Eyed_Vireo_0074_159279.jpg 155
./156.White_eyed_Vireo/White_Eyed_Vireo_0110_158947.jpg 155
./156.White_eyed_Vireo/White_Eyed_Vireo_0016_158978.jpg 155
./156.White_eyed_Vireo/White_Eyed_Vireo_0042_159012.jpg 155
./156.White_eyed_Vireo/White_Eyed_Vireo_0080_159087.jpg 155
./156.White_eyed_Vireo/White_Eyed_Vireo_0032_159145.jpg 155
./157.Yellow_throated_Vireo/Yellow_Throated_Vireo_0058_794994.jpg 156
./158.Bay_breasted_Warbler/Bay_Breasted_Warbler_0081_159963.jpg 157
./160.Black_throated_Blue_Warbler/Black_Throated_Blue_Warbler_0081_161427.jpg 159
./160.Black_throated_Blue_Warbler/Black_Throated_Blue_Warbler_0106_161523.jpg 159
./161.Blue_winged_Warbler/Blue_Winged_Warbler_0054_161862.jpg 160
./161.Blue_winged_Warbler/Blue_Winged_Warbler_0076_161894.jpg 160
./161.Blue_winged_Warbler/Blue_Winged_Warbler_0071_161900.jpg 160
./161.Blue_winged_Warbler/Blue_Winged_Warbler_0014_161783.jpg 160
./162.Canada_Warbler/Canada_Warbler_0009_162343.jpg 161
./162.Canada_Warbler/Canada_Warbler_0076_162393.jpg 161
./163.Cape_May_Warbler/Cape_May_Warbler_0032_162659.jpg 162
./163.Cape_May_Warbler/Cape_May_Warbler_0111_162959.jpg 162
./164.Cerulean_Warbler/Cerulean_Warbler_0077_797202.jpg 163
./164.Cerulean_Warbler/Cerulean_Warbler_0063_797204.jpg 163
./164.Cerulean_Warbler/Cerulean_Warbler_0014_797226.jpg 163
./164.Cerulean_Warbler/Cerulean_Warbler_0089_163412.jpg 163
./164.Cerulean_Warbler/Cerulean_Warbler_0039_163420.jpg 163
./164.Cerulean_Warbler/Cerulean_Warbler_0072_163200.jpg 163
./165.Chestnut_sided_Warbler/Chestnut_Sided_Warbler_0006_163858.jpg 164
./165.Chestnut_sided_Warbler/Chestnut_Sided_Warbler_0094_164152.jpg 164
./166.Golden_winged_Warbler/Golden_Winged_Warbler_0030_164462.jpg 165
./166.Golden_winged_Warbler/Golden_Winged_Warbler_0024_794807.jpg 165
./166.Golden_winged_Warbler/Golden_Winged_Warbler_0011_794812.jpg 165
./166.Golden_winged_Warbler/Golden_Winged_Warbler_0009_794813.jpg 165
./166.Golden_winged_Warbler/Golden_Winged_Warbler_0078_794827.jpg 165
./166.Golden_winged_Warbler/Golden_Winged_Warbler_0018_164558.jpg 165
./166.Golden_winged_Warbler/Golden_Winged_Warbler_0013_794837.jpg 165
./167.Hooded_Warbler/Hooded_Warbler_0039_164928.jpg 166
./167.Hooded_Warbler/Hooded_Warbler_0134_164708.jpg 166
./168.Kentucky_Warbler/Kentucky_Warbler_0059_795905.jpg 167
./168.Kentucky_Warbler/Kentucky_Warbler_0024_165405.jpg 167
./168.Kentucky_Warbler/Kentucky_Warbler_0042_165268.jpg 167
./168.Kentucky_Warbler/Kentucky_Warbler_0035_795878.jpg 167
./169.Magnolia_Warbler/Magnolia_Warbler_0114_165467.jpg 168
./170.Mourning_Warbler/Mourning_Warbler_0020_166440.jpg 169
./170.Mourning_Warbler/Mourning_Warbler_0064_166447.jpg 169
./170.Mourning_Warbler/Mourning_Warbler_0012_166515.jpg 169
./170.Mourning_Warbler/Mourning_Warbler_0062_166531.jpg 169
./171.Myrtle_Warbler/Myrtle_Warbler_0008_166927.jpg 170
./171.Myrtle_Warbler/Myrtle_Warbler_0064_166679.jpg 170
./171.Myrtle_Warbler/Myrtle_Warbler_0102_166725.jpg 170
./171.Myrtle_Warbler/Myrtle_Warbler_0067_166828.jpg 170
./171.Myrtle_Warbler/Myrtle_Warbler_0089_166896.jpg 170
./172.Nashville_Warbler/Nashville_Warbler_0035_167283.jpg 171
./172.Nashville_Warbler/Nashville_Warbler_0098_167293.jpg 171
./172.Nashville_Warbler/Nashville_Warbler_0028_167065.jpg 171
./172.Nashville_Warbler/Nashville_Warbler_0064_167411.jpg 171
./173.Orange_crowned_Warbler/Orange_Crowned_Warbler_0049_167974.jpg 172
./173.Orange_crowned_Warbler/Orange_Crowned_Warbler_0028_167641.jpg 172
./173.Orange_crowned_Warbler/Orange_Crowned_Warbler_0001_167660.jpg 172
./174.Palm_Warbler/Palm_Warbler_0028_169670.jpg 173
./174.Palm_Warbler/Palm_Warbler_0012_170857.jpg 173
./175.Pine_Warbler/Pine_Warbler_0025_171110.jpg 174
./175.Pine_Warbler/Pine_Warbler_0083_171117.jpg 174
./175.Pine_Warbler/Pine_Warbler_0022_172197.jpg 174
./175.Pine_Warbler/Pine_Warbler_0056_172064.jpg 174
./175.Pine_Warbler/Pine_Warbler_0127_171742.jpg 174
./176.Prairie_Warbler/Prairie_Warbler_0104_172615.jpg 175
./176.Prairie_Warbler/Prairie_Warbler_0050_173281.jpg 175
./177.Prothonotary_Warbler/Prothonotary_Warbler_0112_174594.jpg 176
./177.Prothonotary_Warbler/Prothonotary_Warbler_0046_174104.jpg 176
./177.Prothonotary_Warbler/Prothonotary_Warbler_0021_173816.jpg 176
./177.Prothonotary_Warbler/Prothonotary_Warbler_0055_173419.jpg 176
./177.Prothonotary_Warbler/Prothonotary_Warbler_0008_173425.jpg 176
./177.Prothonotary_Warbler/Prothonotary_Warbler_0058_173440.jpg 176
./178.Swainson_Warbler/Swainson_Warbler_0025_794881.jpg 177
./178.Swainson_Warbler/Swainson_Warbler_0002_174683.jpg 177
./178.Swainson_Warbler/Swainson_Warbler_0047_794870.jpg 177
./179.Tennessee_Warbler/Tennessee_Warbler_0096_174993.jpg 178
./179.Tennessee_Warbler/Tennessee_Warbler_0043_175003.jpg 178
./179.Tennessee_Warbler/Tennessee_Warbler_0031_174802.jpg 178
./180.Wilson_Warbler/Wilson_Warbler_0010_175750.jpg 179
./180.Wilson_Warbler/Wilson_Warbler_0059_175249.jpg 179
./180.Wilson_Warbler/Wilson_Warbler_0033_175259.jpg 179
./180.Wilson_Warbler/Wilson_Warbler_0041_175464.jpg 179
./181.Worm_eating_Warbler/Worm_Eating_Warbler_0012_795515.jpg 180
./181.Worm_eating_Warbler/Worm_Eating_Warbler_0004_795550.jpg 180
./181.Worm_eating_Warbler/Worm_Eating_Warbler_0006_176037.jpg 180
./182.Yellow_Warbler/Yellow_Warbler_0121_176402.jpg 181
./182.Yellow_Warbler/Yellow_Warbler_0049_176526.jpg 181
./182.Yellow_Warbler/Yellow_Warbler_0102_176821.jpg 181
./183.Northern_Waterthrush/Northern_Waterthrush_0070_177096.jpg 182
./183.Northern_Waterthrush/Northern_Waterthrush_0020_177149.jpg 182
./184.Louisiana_Waterthrush/Louisiana_Waterthrush_0049_795244.jpg 183
./184.Louisiana_Waterthrush/Louisiana_Waterthrush_0060_177583.jpg 183
./185.Bohemian_Waxwing/Bohemian_Waxwing_0010_796672.jpg 184
./185.Bohemian_Waxwing/Bohemian_Waxwing_0024_177661.jpg 184
./185.Bohemian_Waxwing/Bohemian_Waxwing_0046_177864.jpg 184
./186.Cedar_Waxwing/Cedar_Waxwing_0066_178719.jpg 185
./187.American_Three_toed_Woodpecker/American_Three_Toed_Woodpecker_0039_796168.jpg 186
./187.American_Three_toed_Woodpecker/American_Three_Toed_Woodpecker_0013_179833.jpg 186
./187.American_Three_toed_Woodpecker/American_Three_Toed_Woodpecker_0046_796153.jpg 186
./188.Pileated_Woodpecker/Pileated_Woodpecker_0125_179971.jpg 187
./188.Pileated_Woodpecker/Pileated_Woodpecker_0081_180249.jpg 187
./188.Pileated_Woodpecker/Pileated_Woodpecker_0034_180419.jpg 187
./189.Red_bellied_Woodpecker/Red_Bellied_Woodpecker_0057_182154.jpg 188
./189.Red_bellied_Woodpecker/Red_Bellied_Woodpecker_0114_181092.jpg 188
./190.Red_cockaded_Woodpecker/Red_Cockaded_Woodpecker_0052_794752.jpg 189
./190.Red_cockaded_Woodpecker/Red_Cockaded_Woodpecker_0028_182395.jpg 189
./190.Red_cockaded_Woodpecker/Red_Cockaded_Woodpecker_0015_182459.jpg 189
./190.Red_cockaded_Woodpecker/Red_Cockaded_Woodpecker_0055_182520.jpg 189
./191.Red_headed_Woodpecker/Red_Headed_Woodpecker_0101_182538.jpg 190
./191.Red_headed_Woodpecker/Red_Headed_Woodpecker_0088_183246.jpg 190
./191.Red_headed_Woodpecker/Red_Headed_Woodpecker_0022_183010.jpg 190
./192.Downy_Woodpecker/Downy_Woodpecker_0049_183920.jpg 191
./192.Downy_Woodpecker/Downy_Woodpecker_0007_184051.jpg 191
./192.Downy_Woodpecker/Downy_Woodpecker_0040_184061.jpg 191
./192.Downy_Woodpecker/Downy_Woodpecker_0042_184144.jpg 191
./192.Downy_Woodpecker/Downy_Woodpecker_0044_184170.jpg 191
./192.Downy_Woodpecker/Downy_Woodpecker_0123_184692.jpg 191
./193.Bewick_Wren/Bewick_Wren_0034_185130.jpg 192
./193.Bewick_Wren/Bewick_Wren_0010_185142.jpg 192
./193.Bewick_Wren/Bewick_Wren_0004_185202.jpg 192
./194.Cactus_Wren/Cactus_Wren_0078_185899.jpg 193
./194.Cactus_Wren/Cactus_Wren_0001_185645.jpg 193
./195.Carolina_Wren/Carolina_Wren_0142_186443.jpg 194
./195.Carolina_Wren/Carolina_Wren_0051_186510.jpg 194
./195.Carolina_Wren/Carolina_Wren_0072_186309.jpg 194
./196.House_Wren/House_Wren_0055_187397.jpg 195
./196.House_Wren/House_Wren_0133_187101.jpg 195
./196.House_Wren/House_Wren_0094_187226.jpg 195
./197.Marsh_Wren/Marsh_Wren_0039_188201.jpg 196
./197.Marsh_Wren/Marsh_Wren_0005_188235.jpg 196
./198.Rock_Wren/Rock_Wren_0087_188988.jpg 197
./198.Rock_Wren/Rock_Wren_0111_189443.jpg 197
./198.Rock_Wren/Rock_Wren_0076_189141.jpg 197
./198.Rock_Wren/Rock_Wren_0123_189405.jpg 197
./198.Rock_Wren/Rock_Wren_0033_189397.jpg 197
./199.Winter_Wren/Winter_Wren_0129_189843.jpg 198
./200.Common_Yellowthroat/Common_Yellowthroat_0090_190503.jpg 199
